{"cameraMode":{"drawMode":0,"name":"Shaded","section":"Shading Mode"},"sceneLighting":false,"audioPlay":false,"sceneViewState":{"showFog":true,"showMaterialUpdate":false,"showSkybox":false,"showFlares":true,"showImageEffects":true,"showParticleSystems":true},"in2DMode":false,"pivot":{"x":-0.5169677734375,"y":1.4464111328125,"z":-1.951171875},"rotation":{"x":-0.005759861320257187,"y":0.9940781593322754,"z":-0.06720246374607086,"w":-0.08520140498876572},"size":3.2928926944732668,"orthographic":true}