{"cameraMode":{"drawMode":0,"name":"Shaded","section":"Shading Mode"},"sceneLighting":false,"audioPlay":false,"sceneViewState":{"showFog":true,"showMaterialUpdate":true,"showSkybox":false,"showFlares":true,"showImageEffects":true,"showParticleSystems":true},"in2DMode":false,"pivot":{"x":-53.6602897644043,"y":23.027530670166017,"z":-65.19413757324219},"rotation":{"x":-0.0015323462430387736,"y":-0.9955429434776306,"z":0.09285551309585571,"w":-0.016426829621195794},"size":2.000513792037964,"orthographic":false}