{"cameraMode":{"drawMode":0,"name":"Shaded","section":"Shading Mode"},"sceneLighting":false,"audioPlay":false,"sceneViewState":{"showFog":true,"showMaterialUpdate":false,"showSkybox":false,"showFlares":true,"showImageEffects":true,"showParticleSystems":true},"in2DMode":false,"pivot":{"x":-3.140690565109253,"y":4.376242637634277,"z":-0.8796202540397644},"rotation":{"x":0.0127138402312994,"y":-0.9144449234008789,"z":-0.028810733929276468,"w":-0.40348348021507265},"size":5.466516494750977,"orthographic":false}