{"cameraMode":{"drawMode":0,"name":"Shaded","section":"Shading Mode"},"sceneLighting":true,"audioPlay":false,"sceneViewState":{"showFog":true,"showMaterialUpdate":true,"showSkybox":true,"showFlares":true,"showImageEffects":true,"showParticleSystems":true},"in2DMode":false,"pivot":{"x":-0.12771093845367433,"y":2.25454044342041,"z":-2.5196189880371095},"rotation":{"x":-0.008612152189016343,"y":0.9902361035346985,"z":-0.11940551549196243,"w":-0.07141933590173722},"size":11.538483619689942,"orthographic":false}