{"cameraMode":{"drawMode":0,"name":"Shaded","section":"Shading Mode"},"sceneLighting":false,"audioPlay":false,"sceneViewState":{"showFog":true,"showMaterialUpdate":false,"showSkybox":false,"showFlares":true,"showImageEffects":true,"showParticleSystems":true},"in2DMode":false,"pivot":{"x":48.04345703125,"y":-155.3095703125,"z":28.22119140625},"rotation":{"x":0.0775410607457161,"y":-0.7750370502471924,"z":0.09699317812919617,"w":0.619594395160675},"size":3.7041282653808595,"orthographic":true}