{"cameraMode":{"drawMode":0,"name":"Shaded","section":"Shading Mode"},"sceneLighting":false,"audioPlay":false,"sceneViewState":{"showFog":true,"showMaterialUpdate":false,"showSkybox":false,"showFlares":true,"showImageEffects":true,"showParticleSystems":true},"in2DMode":false,"pivot":{"x":50.56877899169922,"y":-208.44000244140626,"z":-60.76908874511719},"rotation":{"x":0.015391821041703225,"y":0.9795620441436768,"z":-0.08247731626033783,"w":0.18280817568302155},"size":15.301470756530762,"orthographic":true}