{"cameraMode":{"drawMode":0,"name":"Shaded","section":"Shading Mode"},"sceneLighting":false,"audioPlay":false,"sceneViewState":{"showFog":true,"showMaterialUpdate":true,"showSkybox":false,"showFlares":true,"showImageEffects":true,"showParticleSystems":true},"in2DMode":false,"pivot":{"x":-0.9451586008071899,"y":3.959038496017456,"z":1.086661458015442},"rotation":{"x":-0.07871061563491821,"y":-0.19811682403087617,"z":0.01596379280090332,"w":-0.9768825769424439},"size":16.281314849853517,"orthographic":false}