{"cameraMode":{"drawMode":0,"name":"Shaded","section":"Shading Mode"},"sceneLighting":false,"audioPlay":false,"sceneViewState":{"showFog":true,"showMaterialUpdate":false,"showSkybox":false,"showFlares":true,"showImageEffects":true,"showParticleSystems":true},"in2DMode":false,"pivot":{"x":-0.7149317264556885,"y":1.5853397846221924,"z":-1.006767749786377},"rotation":{"x":-0.0032936413772404196,"y":0.9874047636985779,"z":-0.15681517124176026,"w":-0.02073807269334793},"size":7.599924087524414,"orthographic":false}