{"cameraMode":{"drawMode":0,"name":"Shaded","section":"Shading Mode"},"sceneLighting":true,"audioPlay":false,"sceneViewState":{"showFog":true,"showMaterialUpdate":true,"showSkybox":true,"showFlares":true,"showImageEffects":true,"showParticleSystems":true},"in2DMode":false,"pivot":{"x":6.960424423217773,"y":-1.6090264320373536,"z":-3.107044219970703},"rotation":{"x":0.09204672276973725,"y":0.8632895350456238,"z":-0.17051035165786744,"w":0.4660310447216034},"size":24.20566177368164,"orthographic":false}