{"cameraMode":{"drawMode":0,"name":"Shaded","section":"Shading Mode"},"sceneLighting":true,"audioPlay":false,"sceneViewState":{"showFog":true,"showMaterialUpdate":true,"showSkybox":false,"showFlares":true,"showImageEffects":true,"showParticleSystems":true},"in2DMode":false,"pivot":{"x":18.537891387939454,"y":-212.5859832763672,"z":-151.78634643554688},"rotation":{"x":-0.05137363076210022,"y":-0.9408473372459412,"z":0.16625343263149262,"w":-0.290735125541687},"size":12.53500747680664,"orthographic":false}