{"cameraMode":{"drawMode":0,"name":"Shaded","section":"Shading Mode"},"sceneLighting":true,"audioPlay":false,"sceneViewState":{"showFog":true,"showMaterialUpdate":true,"showSkybox":true,"showFlares":true,"showImageEffects":true,"showParticleSystems":true},"in2DMode":false,"pivot":{"x":2.7947628498077394,"y":1.9352209568023682,"z":-4.6524810791015629},"rotation":{"x":-0.0016522770747542382,"y":0.9948182702064514,"z":-0.10032852739095688,"w":-0.01637689583003521},"size":14.184229850769043,"orthographic":false}