{"cameraMode":{"drawMode":0,"name":"Shaded","section":"Shading Mode"},"sceneLighting":false,"audioPlay":false,"sceneViewState":{"showFog":true,"showMaterialUpdate":true,"showSkybox":false,"showFlares":true,"showImageEffects":true,"showParticleSystems":true},"in2DMode":false,"pivot":{"x":129.21365356445313,"y":32.65114974975586,"z":203.34808349609376},"rotation":{"x":0.019178183749318124,"y":-0.9319062829017639,"z":0.0498158223927021,"w":0.35874971747398379},"size":109.8167724609375,"orthographic":false}