{"cameraMode":{"drawMode":0,"name":"Shaded","section":"Shading Mode"},"sceneLighting":false,"audioPlay":false,"sceneViewState":{"showFog":true,"showMaterialUpdate":true,"showSkybox":false,"showFlares":true,"showImageEffects":true,"showParticleSystems":true},"in2DMode":false,"pivot":{"x":-53.68265914916992,"y":22.933374404907228,"z":-65.25367736816406},"rotation":{"x":-0.08845394104719162,"y":-0.6929987072944641,"z":0.08630430698394776,"w":-0.7102678418159485},"size":1.7005138397216797,"orthographic":false}