{"cameraMode":{"drawMode":0,"name":"Shaded","section":"Shading Mode"},"sceneLighting":true,"audioPlay":false,"sceneViewState":{"showFog":true,"showMaterialUpdate":true,"showSkybox":true,"showFlares":true,"showImageEffects":true,"showParticleSystems":true},"in2DMode":false,"pivot":{"x":-6.427724361419678,"y":1.7770370244979859,"z":-4.61860466003418},"rotation":{"x":0.01925288513302803,"y":-0.9313670992851257,"z":0.0497869998216629,"w":0.3601471781730652},"size":15.893095970153809,"orthographic":false}