{"cameraMode":{"drawMode":0,"name":"Shaded","section":"Shading Mode"},"sceneLighting":true,"audioPlay":false,"sceneViewState":{"showFog":true,"showMaterialUpdate":false,"showSkybox":true,"showFlares":true,"showImageEffects":true,"showParticleSystems":true},"in2DMode":false,"pivot":{"x":-0.8442864418029785,"y":6.117478370666504,"z":0.34319448471069338},"rotation":{"x":0.00424774456769228,"y":0.9924728870391846,"z":-0.11696362495422363,"w":0.03604266420006752},"size":14.530794143676758,"orthographic":false}