{"cameraMode":{"drawMode":0,"name":"Shaded","section":"Shading Mode"},"sceneLighting":true,"audioPlay":false,"sceneViewState":{"showFog":true,"showMaterialUpdate":true,"showSkybox":true,"showFlares":true,"showImageEffects":true,"showParticleSystems":true},"in2DMode":false,"pivot":{"x":1.483464241027832,"y":-0.6795737743377686,"z":-11.82114028930664},"rotation":{"x":-0.009587160311639309,"y":-0.9902812838554382,"z":0.1058671697974205,"w":-0.08968454599380493},"size":18.631196975708009,"orthographic":false}