{"cameraMode":{"drawMode":0,"name":"Shaded","section":"Shading Mode"},"sceneLighting":true,"audioPlay":false,"sceneViewState":{"showFog":true,"showMaterialUpdate":false,"showSkybox":false,"showFlares":true,"showImageEffects":true,"showParticleSystems":true},"in2DMode":false,"pivot":{"x":-49.596717834472659,"y":21.50351333618164,"z":-67.61653137207031},"rotation":{"x":-0.0636536106467247,"y":-0.6329730749130249,"z":0.052341558039188388,"w":-0.7697750926017761},"size":10.90284252166748,"orthographic":false}