{"cameraMode":{"drawMode":0,"name":"Shaded","section":"Shading Mode"},"sceneLighting":false,"audioPlay":false,"sceneViewState":{"showFog":true,"showMaterialUpdate":true,"showSkybox":false,"showFlares":true,"showImageEffects":true,"showParticleSystems":true},"in2DMode":false,"pivot":{"x":-9.917364120483399,"y":3.1465272903442385,"z":-0.23621320724487306},"rotation":{"x":-0.1351829171180725,"y":-0.8048739433288574,"z":0.20081129670143128,"w":-0.5418286919593811},"size":1.0578839778900147,"orthographic":false}