{"cameraMode":{"drawMode":0,"name":"Shaded","section":"Shading Mode"},"sceneLighting":true,"audioPlay":false,"sceneViewState":{"showFog":true,"showMaterialUpdate":true,"showSkybox":false,"showFlares":true,"showImageEffects":true,"showParticleSystems":true},"in2DMode":false,"pivot":{"x":-49.30634689331055,"y":22.487714767456056,"z":-66.95967864990235},"rotation":{"x":0.00201272196136415,"y":0.9951760172843933,"z":-0.09583240747451782,"w":0.020902885124087335},"size":11.85800838470459,"orthographic":false}