{"cameraMode":{"drawMode":0,"name":"Shaded","section":"Shading Mode"},"sceneLighting":true,"audioPlay":false,"sceneViewState":{"showFog":true,"showMaterialUpdate":true,"showSkybox":true,"showFlares":true,"showImageEffects":true,"showParticleSystems":true},"in2DMode":false,"pivot":{"x":-0.5341491103172302,"y":1.8173713684082032,"z":-0.02795863151550293},"rotation":{"x":0.013896987773478032,"y":0.9811768531799316,"z":-0.17642158269882203,"w":0.07729398459196091},"size":5.001287460327148,"orthographic":false}