{"cameraMode":{"drawMode":0,"name":"Shaded","section":"Shading Mode"},"sceneLighting":false,"audioPlay":false,"sceneViewState":{"showFog":true,"showMaterialUpdate":false,"showSkybox":false,"showFlares":true,"showImageEffects":true,"showParticleSystems":true},"in2DMode":false,"pivot":{"x":-0.1558830738067627,"y":2.1127257347106935,"z":1.2342345714569092},"rotation":{"x":0.006974685005843639,"y":0.9768688082695007,"z":-0.21127893030643464,"w":0.03224903717637062},"size":4.0998125076293949,"orthographic":false}