{"cameraMode":{"drawMode":0,"name":"Shaded","section":"Shading Mode"},"sceneLighting":false,"audioPlay":false,"sceneViewState":{"showFog":true,"showMaterialUpdate":false,"showSkybox":false,"showFlares":true,"showImageEffects":true,"showParticleSystems":true},"in2DMode":false,"pivot":{"x":-0.2977558374404907,"y":-0.389212429523468,"z":-0.8448294401168823},"rotation":{"x":-0.028615491464734079,"y":0.9709134101867676,"z":-0.18272055685520173,"w":-0.15205775201320649},"size":2.100001573562622,"orthographic":false}