{"cameraMode":{"drawMode":0,"name":"Shaded","section":"Shading Mode"},"sceneLighting":false,"audioPlay":false,"sceneViewState":{"showFog":true,"showMaterialUpdate":false,"showSkybox":false,"showFlares":true,"showImageEffects":true,"showParticleSystems":true},"in2DMode":false,"pivot":{"x":17.822769165039064,"y":-212.4199981689453,"z":-150.75160217285157},"rotation":{"x":0.010176168754696846,"y":0.9785931706428528,"z":-0.19939102232456208,"w":0.049952369183301929},"size":2.7871601581573488,"orthographic":false}