{"cameraMode":{"drawMode":0,"name":"Shaded","section":"Shading Mode"},"sceneLighting":false,"audioPlay":false,"sceneViewState":{"showFog":true,"showMaterialUpdate":true,"showSkybox":false,"showFlares":true,"showImageEffects":true,"showParticleSystems":true},"in2DMode":false,"pivot":{"x":-11.286110877990723,"y":4.534214496612549,"z":1.6792306900024415},"rotation":{"x":0.032130587846040729,"y":0.966426432132721,"z":-0.1514086276292801,"w":0.2050926387310028},"size":-0.3663104176521301,"orthographic":false}