{"cameraMode":{"drawMode":0,"name":"Shaded","section":"Shading Mode"},"sceneLighting":false,"audioPlay":false,"sceneViewState":{"showFog":true,"showMaterialUpdate":false,"showSkybox":false,"showFlares":true,"showImageEffects":true,"showParticleSystems":true},"in2DMode":false,"pivot":{"x":-0.5265241265296936,"y":1.8854411840438843,"z":-1.1125621795654297},"rotation":{"x":-0.0032936413772404196,"y":0.9874047636985779,"z":-0.15681517124176026,"w":-0.02073807269334793},"size":6.769703388214111,"orthographic":false}