{"cameraMode":{"drawMode":0,"name":"Shaded","section":"Shading Mode"},"sceneLighting":true,"audioPlay":false,"sceneViewState":{"showFog":true,"showMaterialUpdate":true,"showSkybox":true,"showFlares":true,"showImageEffects":true,"showParticleSystems":true},"in2DMode":false,"pivot":{"x":-1.1392078399658204,"y":-1.796002745628357,"z":-3.734185218811035},"rotation":{"x":-0.0017259560991078616,"y":0.9943566918373108,"z":-0.1048041582107544,"w":-0.016369294375181199},"size":31.198284149169923,"orthographic":false}