{"cameraMode":{"drawMode":0,"name":"Shaded","section":"Shading Mode"},"sceneLighting":false,"audioPlay":false,"sceneViewState":{"showFog":true,"showMaterialUpdate":true,"showSkybox":false,"showFlares":true,"showImageEffects":true,"showParticleSystems":true},"in2DMode":false,"pivot":{"x":-11.011324882507325,"y":4.4413161277771,"z":0.026353955268859865},"rotation":{"x":-0.02252635359764099,"y":0.9774184823036194,"z":-0.1432274878025055,"w":-0.15372562408447267},"size":1.2715046405792237,"orthographic":false}