{"cameraMode":{"drawMode":0,"name":"Shaded","section":"Shading Mode"},"sceneLighting":true,"audioPlay":false,"sceneViewState":{"showFog":true,"showMaterialUpdate":true,"showSkybox":true,"showFlares":true,"showImageEffects":true,"showParticleSystems":true},"in2DMode":false,"pivot":{"x":-9.758916854858399,"y":2.436204433441162,"z":0.17317485809326173},"rotation":{"x":-0.012097199447453022,"y":-0.9868907928466797,"z":0.08906321227550507,"w":-0.13404475152492524},"size":5.557884693145752,"orthographic":false}