{"cameraMode":{"drawMode":0,"name":"Shaded","section":"Shading Mode"},"sceneLighting":false,"audioPlay":false,"sceneViewState":{"showFog":true,"showMaterialUpdate":false,"showSkybox":false,"showFlares":true,"showImageEffects":true,"showParticleSystems":true},"in2DMode":false,"pivot":{"x":5.230287075042725,"y":-141.1999969482422,"z":-29.32625961303711},"rotation":{"x":0.020976059138774873,"y":0.972326397895813,"z":-0.21182525157928468,"w":0.09628859162330628},"size":2.415766716003418,"orthographic":false}