{"cameraMode":{"drawMode":0,"name":"Shaded","section":"Shading Mode"},"sceneLighting":false,"audioPlay":false,"sceneViewState":{"showFog":true,"showMaterialUpdate":false,"showSkybox":false,"showFlares":true,"showImageEffects":true,"showParticleSystems":true},"in2DMode":false,"pivot":{"x":-0.47916728258132937,"y":1.6313903331756592,"z":-1.6211750507354737},"rotation":{"x":0.026114540174603463,"y":0.969700038433075,"z":-0.11988098174333573,"w":0.2112545371055603},"size":7.965632915496826,"orthographic":false}