{"cameraMode":{"drawMode":0,"name":"Shaded","section":"Shading Mode"},"sceneLighting":false,"audioPlay":false,"sceneViewState":{"showFog":true,"showMaterialUpdate":false,"showSkybox":false,"showFlares":true,"showImageEffects":true,"showParticleSystems":true},"in2DMode":false,"pivot":{"x":48.29737854003906,"y":-155.9058074951172,"z":27.99721908569336},"rotation":{"x":0.02053767628967762,"y":-0.9791879653930664,"z":0.15400907397270204,"w":0.13057704269886018},"size":5.903037071228027,"orthographic":false}