{"cameraMode":{"drawMode":0,"name":"Shaded","section":"Shading Mode"},"sceneLighting":true,"audioPlay":false,"sceneViewState":{"showFog":true,"showMaterialUpdate":true,"showSkybox":true,"showFlares":true,"showImageEffects":true,"showParticleSystems":true},"in2DMode":false,"pivot":{"x":0.6895149946212769,"y":-0.5136194229125977,"z":-8.212465286254883},"rotation":{"x":0.004004694987088442,"y":0.9896737933158875,"z":-0.1404772400856018,"w":0.02821452170610428},"size":12.047266006469727,"orthographic":false}