{"cameraMode":{"drawMode":0,"name":"Shaded","section":"Shading Mode"},"sceneLighting":true,"audioPlay":false,"sceneViewState":{"showFog":true,"showMaterialUpdate":true,"showSkybox":true,"showFlares":true,"showImageEffects":true,"showParticleSystems":true},"in2DMode":false,"pivot":{"x":-3.7657620906829836,"y":0.05556201934814453,"z":-12.098468780517579},"rotation":{"x":0.01133362203836441,"y":-0.982743501663208,"z":0.064361572265625,"w":0.17304444313049317},"size":17.100492477416993,"orthographic":false}