{"cameraMode":{"drawMode":0,"name":"Shaded","section":"Shading Mode"},"sceneLighting":false,"audioPlay":false,"sceneViewState":{"showFog":true,"showMaterialUpdate":false,"showSkybox":false,"showFlares":true,"showImageEffects":true,"showParticleSystems":true},"in2DMode":false,"pivot":{"x":-0.28966012597084048,"y":1.6411775350570679,"z":-1.0429024696350098},"rotation":{"x":-0.0032936413772404196,"y":0.9874047636985779,"z":-0.15681517124176026,"w":-0.02073807269334793},"size":4.5240092277526859,"orthographic":false}