{"cameraMode":{"drawMode":0,"name":"Shaded","section":"Shading Mode"},"sceneLighting":false,"audioPlay":false,"sceneViewState":{"showFog":true,"showMaterialUpdate":true,"showSkybox":false,"showFlares":true,"showImageEffects":true,"showParticleSystems":true},"in2DMode":false,"pivot":{"x":-17.543210983276368,"y":4.510854721069336,"z":2.019228935241699},"rotation":{"x":-0.13935337960720063,"y":-0.7860057353973389,"z":0.19184984266757966,"w":-0.5709372758865356},"size":3.570387840270996,"orthographic":false}