{"cameraMode":{"drawMode":0,"name":"Shaded","section":"Shading Mode"},"sceneLighting":false,"audioPlay":false,"sceneViewState":{"showFog":true,"showMaterialUpdate":false,"showSkybox":false,"showFlares":true,"showImageEffects":true,"showParticleSystems":true},"in2DMode":false,"pivot":{"x":-0.856053352355957,"y":8.675540924072266,"z":0.9400825500488281},"rotation":{"x":0.06950169056653977,"y":0.9304294586181641,"z":-0.2485126554965973,"w":0.26021528244018557},"size":12.422090530395508,"orthographic":false}