{"cameraMode":{"drawMode":0,"name":"Shaded","section":"Shading Mode"},"sceneLighting":false,"audioPlay":false,"sceneViewState":{"showFog":true,"showMaterialUpdate":true,"showSkybox":false,"showFlares":true,"showImageEffects":true,"showParticleSystems":true},"in2DMode":false,"pivot":{"x":1.6546802520751954,"y":4.807193756103516,"z":-889.5594482421875},"rotation":{"x":0.0990261361002922,"y":0.7438392639160156,"z":-0.11310917139053345,"w":0.6512321829795837},"size":22.319664001464845,"orthographic":false}