{"cameraMode":{"drawMode":0,"name":"Shaded","section":"Shading Mode"},"sceneLighting":false,"audioPlay":false,"sceneViewState":{"showFog":true,"showMaterialUpdate":true,"showSkybox":false,"showFlares":true,"showImageEffects":true,"showParticleSystems":true},"in2DMode":false,"pivot":{"x":-9.692758560180664,"y":6.620965003967285,"z":-0.5788154602050781},"rotation":{"x":-0.0032089143060147764,"y":-0.9961960315704346,"z":0.04186491668224335,"w":-0.07635800540447235},"size":18.067707061767579,"orthographic":false}