{"cameraMode":{"drawMode":0,"name":"Shaded","section":"Shading Mode"},"sceneLighting":true,"audioPlay":false,"sceneViewState":{"showFog":true,"showMaterialUpdate":true,"showSkybox":false,"showFlares":true,"showImageEffects":true,"showParticleSystems":true},"in2DMode":false,"pivot":{"x":-2.160134792327881,"y":8.875144958496094,"z":-9.012954711914063},"rotation":{"x":-0.003355894237756729,"y":-0.9869294166564941,"z":0.1597793698310852,"w":-0.020727619528770448},"size":110.02671813964844,"orthographic":false}