{"cameraMode":{"drawMode":0,"name":"Shaded","section":"Shading Mode"},"sceneLighting":true,"audioPlay":false,"sceneViewState":{"showFog":true,"showMaterialUpdate":false,"showSkybox":true,"showFlares":true,"showImageEffects":true,"showParticleSystems":true},"in2DMode":false,"pivot":{"x":0.2480803281068802,"y":-0.17966440320014954,"z":0.4531504809856415},"rotation":{"x":-0.0038249099161475899,"y":0.9851655960083008,"z":-0.17012876272201539,"w":-0.022147947922348977},"size":11.531632423400879,"orthographic":false}