{"cameraMode":{"drawMode":0,"name":"Shaded","section":"Shading Mode"},"sceneLighting":false,"audioPlay":false,"sceneViewState":{"showFog":true,"showMaterialUpdate":false,"showSkybox":false,"showFlares":true,"showImageEffects":true,"showParticleSystems":true},"in2DMode":false,"pivot":{"x":-2.758999824523926,"y":2.7779998779296877,"z":-1.064000129699707},"rotation":{"x":-0.005273805931210518,"y":0.9866100549697876,"z":-0.15972471237182618,"w":-0.032569725066423419},"size":5.0283074378967289,"orthographic":true}