{"cameraMode":{"drawMode":0,"name":"Shaded","section":"Shading Mode"},"sceneLighting":false,"audioPlay":false,"sceneViewState":{"showFog":true,"showMaterialUpdate":false,"showSkybox":false,"showFlares":true,"showImageEffects":true,"showParticleSystems":true},"in2DMode":false,"pivot":{"x":38.39360046386719,"y":-16.096403121948243,"z":-6.013561248779297},"rotation":{"x":0.1180831640958786,"y":0.8172774314880371,"z":-0.180618554353714,"w":0.5343135595321655},"size":49.806800842285159,"orthographic":false}