{"cameraMode":{"drawMode":0,"name":"Shaded","section":"Shading Mode"},"sceneLighting":false,"audioPlay":false,"sceneViewState":{"showFog":true,"showMaterialUpdate":true,"showSkybox":false,"showFlares":true,"showImageEffects":true,"showParticleSystems":true},"in2DMode":false,"pivot":{"x":-8.874454498291016,"y":2.481095790863037,"z":0.3444479703903198},"rotation":{"x":-0.1144624650478363,"y":-0.695330798625946,"z":0.11364087462425232,"w":-0.7003564834594727},"size":6.54250955581665,"orthographic":false}