{"cameraMode":{"drawMode":0,"name":"Shaded","section":"Shading Mode"},"sceneLighting":false,"audioPlay":false,"sceneViewState":{"showFog":true,"showMaterialUpdate":false,"showSkybox":false,"showFlares":true,"showImageEffects":true,"showParticleSystems":true},"in2DMode":false,"pivot":{"x":-0.885986328125,"y":2.468994140625,"z":-2.05859375},"rotation":{"x":-0.007967911660671234,"y":0.9918116331100464,"z":-0.10001407563686371,"w":-0.0790155827999115},"size":6.553031921386719,"orthographic":true}