{"cameraMode":{"drawMode":0,"name":"Shaded","section":"Shading Mode"},"sceneLighting":false,"audioPlay":false,"sceneViewState":{"showFog":true,"showMaterialUpdate":false,"showSkybox":false,"showFlares":true,"showImageEffects":true,"showParticleSystems":true},"in2DMode":false,"pivot":{"x":-0.920291543006897,"y":1.1679508686065674,"z":-0.86199951171875},"rotation":{"x":-0.0032936413772404196,"y":0.9874047636985779,"z":-0.15681517124176026,"w":-0.02073807269334793},"size":13.491214752197266,"orthographic":false}