{"cameraMode":{"drawMode":0,"name":"Shaded","section":"Shading Mode"},"sceneLighting":false,"audioPlay":false,"sceneViewState":{"showFog":true,"showMaterialUpdate":true,"showSkybox":false,"showFlares":true,"showImageEffects":true,"showParticleSystems":true},"in2DMode":false,"pivot":{"x":-10.442571640014649,"y":4.598107814788818,"z":-0.23785173892974854},"rotation":{"x":0.17519430816173554,"y":-0.5116999745368958,"z":0.10746177285909653,"w":0.8342194557189941},"size":0.3663104176521301,"orthographic":false}