{"cameraMode":{"drawMode":0,"name":"Shaded","section":"Shading Mode"},"sceneLighting":false,"audioPlay":false,"sceneViewState":{"showFog":true,"showMaterialUpdate":true,"showSkybox":false,"showFlares":true,"showImageEffects":true,"showParticleSystems":true},"in2DMode":false,"pivot":{"x":60.6952018737793,"y":5.88700008392334,"z":34.953060150146487},"rotation":{"x":-0.10461035370826721,"y":-0.8033893704414368,"z":0.14818575978279115,"w":-0.5671536326408386},"size":232.42446899414063,"orthographic":false}