{"cameraMode":{"drawMode":0,"name":"Shaded","section":"Shading Mode"},"sceneLighting":false,"audioPlay":false,"sceneViewState":{"showFog":true,"showMaterialUpdate":true,"showSkybox":false,"showFlares":true,"showImageEffects":true,"showParticleSystems":true},"in2DMode":false,"pivot":{"x":-9.943470001220704,"y":2.9416167736053469,"z":-0.010751575231552124},"rotation":{"x":-0.1351829171180725,"y":-0.8048739433288574,"z":0.20081129670143128,"w":-0.5418286919593811},"size":2.9910693168640138,"orthographic":false}