{"cameraMode":{"drawMode":0,"name":"Shaded","section":"Shading Mode"},"sceneLighting":false,"audioPlay":false,"sceneViewState":{"showFog":true,"showMaterialUpdate":false,"showSkybox":false,"showFlares":true,"showImageEffects":true,"showParticleSystems":true},"in2DMode":false,"pivot":{"x":-110.85546875,"y":22.09033203125,"z":-58.5791015625},"rotation":{"x":0.07087293267250061,"y":0.9045853018760681,"z":-0.16600914299488069,"w":0.3861907422542572},"size":9.042476654052735,"orthographic":true}