{"cameraMode":{"drawMode":0,"name":"Shaded","section":"Shading Mode"},"sceneLighting":false,"audioPlay":false,"sceneViewState":{"showFog":true,"showMaterialUpdate":true,"showSkybox":false,"showFlares":true,"showImageEffects":true,"showParticleSystems":true},"in2DMode":false,"pivot":{"x":-0.782265305519104,"y":2.671286106109619,"z":2.4532761573791506},"rotation":{"x":-0.0028622765094041826,"y":-0.9815136194229126,"z":0.19080382585525514,"w":-0.014722855761647225},"size":10.926419258117676,"orthographic":false}