{"cameraMode":{"drawMode":0,"name":"Shaded","section":"Shading Mode"},"sceneLighting":false,"audioPlay":false,"sceneViewState":{"showFog":true,"showMaterialUpdate":false,"showSkybox":false,"showFlares":true,"showImageEffects":true,"showParticleSystems":true},"in2DMode":false,"pivot":{"x":-0.050000011920928958,"y":-0.34999996423721316,"z":-0.14999999105930329},"rotation":{"x":0.020976059138774873,"y":0.972326397895813,"z":-0.21182525157928468,"w":0.09628859162330628},"size":8.142439842224121,"orthographic":false}