{"cameraMode":{"drawMode":0,"name":"Shaded","section":"Shading Mode"},"sceneLighting":true,"audioPlay":false,"sceneViewState":{"showFog":true,"showMaterialUpdate":true,"showSkybox":true,"showFlares":true,"showImageEffects":true,"showParticleSystems":true},"in2DMode":false,"pivot":{"x":0.3163067102432251,"y":0.7942249774932861,"z":-4.3345561027526859},"rotation":{"x":-0.0017259560991078616,"y":0.9943566918373108,"z":-0.1048041582107544,"w":-0.016369294375181199},"size":7.629302024841309,"orthographic":false}