{"cameraMode":{"drawMode":0,"name":"Shaded","section":"Shading Mode"},"sceneLighting":true,"audioPlay":false,"sceneViewState":{"showFog":true,"showMaterialUpdate":true,"showSkybox":true,"showFlares":true,"showImageEffects":true,"showParticleSystems":true},"in2DMode":false,"pivot":{"x":-9.37626838684082,"y":3.7288103103637697,"z":1.7146462202072144},"rotation":{"x":0.0990261361002922,"y":0.7438392639160156,"z":-0.11310917139053345,"w":0.6512321829795837},"size":5.737404823303223,"orthographic":false}