{"cameraMode":{"drawMode":0,"name":"Shaded","section":"Shading Mode"},"sceneLighting":false,"audioPlay":false,"sceneViewState":{"showFog":true,"showMaterialUpdate":true,"showSkybox":false,"showFlares":true,"showImageEffects":true,"showParticleSystems":true},"in2DMode":false,"pivot":{"x":5.230287075042725,"y":-141.1999969482422,"z":-29.32625961303711},"rotation":{"x":-0.022059930488467218,"y":-0.9773959517478943,"z":0.13126517832279206,"w":-0.16425594687461854},"size":5.7157673835754398,"orthographic":false}