{"cameraMode":{"drawMode":0,"name":"Shaded","section":"Shading Mode"},"sceneLighting":true,"audioPlay":false,"sceneViewState":{"showFog":true,"showMaterialUpdate":true,"showSkybox":false,"showFlares":true,"showImageEffects":true,"showParticleSystems":true},"in2DMode":false,"pivot":{"x":29.556900024414064,"y":-49.36009979248047,"z":-15.612100601196289},"rotation":{"x":-0.07046698033809662,"y":-0.8554615378379822,"z":0.12090495973825455,"w":-0.4986000955104828},"size":196.98617553710938,"orthographic":false}