{"cameraMode":{"drawMode":0,"name":"Shaded","section":"Shading Mode"},"sceneLighting":true,"audioPlay":false,"sceneViewState":{"showFog":true,"showMaterialUpdate":true,"showSkybox":true,"showFlares":true,"showImageEffects":true,"showParticleSystems":true},"in2DMode":false,"pivot":{"x":-1.8963415622711182,"y":2.820065975189209,"z":-1.3041095733642579},"rotation":{"x":0.0013100397773087025,"y":0.9893914461135864,"z":-0.14499260485172273,"w":0.008944127708673478},"size":7.871687412261963,"orthographic":false}