{"cameraMode":{"drawMode":0,"name":"Shaded","section":"Shading Mode"},"sceneLighting":false,"audioPlay":false,"sceneViewState":{"showFog":true,"showMaterialUpdate":true,"showSkybox":false,"showFlares":true,"showImageEffects":true,"showParticleSystems":true},"in2DMode":false,"pivot":{"x":-10.95406436920166,"y":1.431334137916565,"z":1.224884271621704},"rotation":{"x":-0.17209070920944215,"y":-0.35229355096817019,"z":0.06607471406459809,"w":-0.917555570602417},"size":9.79143238067627,"orthographic":false}