{"cameraMode":{"drawMode":0,"name":"Shaded","section":"Shading Mode"},"sceneLighting":true,"audioPlay":false,"sceneViewState":{"showFog":true,"showMaterialUpdate":false,"showSkybox":true,"showFlares":true,"showImageEffects":true,"showParticleSystems":true},"in2DMode":false,"pivot":{"x":1.3776113986968995,"y":-0.9727451801300049,"z":-2.2758870124816896},"rotation":{"x":0.027375493198633195,"y":0.968549907207489,"z":-0.2140480875968933,"w":0.12387546896934509},"size":12.401131629943848,"orthographic":false}