{"cameraMode":{"drawMode":0,"name":"Shaded","section":"Shading Mode"},"sceneLighting":false,"audioPlay":false,"sceneViewState":{"showFog":true,"showMaterialUpdate":true,"showSkybox":false,"showFlares":true,"showImageEffects":true,"showParticleSystems":true},"in2DMode":false,"pivot":{"x":6.750919342041016,"y":1.841179370880127,"z":-6.94518518447876},"rotation":{"x":0.03963605687022209,"y":0.9599136114120483,"z":-0.1806357204914093,"w":0.21063151955604554},"size":7.157385349273682,"orthographic":false}