{"cameraMode":{"drawMode":0,"name":"Shaded","section":"Shading Mode"},"sceneLighting":false,"audioPlay":false,"sceneViewState":{"showFog":true,"showMaterialUpdate":false,"showSkybox":false,"showFlares":true,"showImageEffects":true,"showParticleSystems":true},"in2DMode":false,"pivot":{"x":-2.2419705390930177,"y":2.5326781272888185,"z":-1.0480265617370606},"rotation":{"x":-0.001780361752025783,"y":0.9949423670768738,"z":-0.09882223606109619,"w":-0.017910543829202653},"size":1.778349757194519,"orthographic":true}