{"cameraMode":{"drawMode":0,"name":"Shaded","section":"Shading Mode"},"sceneLighting":true,"audioPlay":false,"sceneViewState":{"showFog":true,"showMaterialUpdate":true,"showSkybox":true,"showFlares":true,"showImageEffects":true,"showParticleSystems":true},"in2DMode":false,"pivot":{"x":10.137838363647461,"y":4.000123500823975,"z":0.9549418687820435},"rotation":{"x":-0.10701317340135575,"y":-0.11930835992097855,"z":0.012935735285282135,"w":-0.9869886040687561},"size":-0.0741279125213623,"orthographic":false}