{"cameraMode":{"drawMode":0,"name":"Shaded","section":"Shading Mode"},"sceneLighting":false,"audioPlay":false,"sceneViewState":{"showFog":true,"showMaterialUpdate":false,"showSkybox":false,"showFlares":true,"showImageEffects":true,"showParticleSystems":true},"in2DMode":false,"pivot":{"x":-2.759000062942505,"y":2.7780001163482668,"z":-1.0640000104904175},"rotation":{"x":-0.03499548137187958,"y":-0.9198843836784363,"z":0.08440952003002167,"w":-0.3813962936401367},"size":4.500057220458984,"orthographic":false}