{"cameraMode":{"drawMode":0,"name":"Shaded","section":"Shading Mode"},"sceneLighting":true,"audioPlay":false,"sceneViewState":{"showFog":true,"showMaterialUpdate":true,"showSkybox":false,"showFlares":true,"showImageEffects":true,"showParticleSystems":true},"in2DMode":false,"pivot":{"x":-126.40078735351563,"y":42.560081481933597,"z":-51.3941650390625},"rotation":{"x":-0.06259717792272568,"y":-0.848520040512085,"z":0.1030915230512619,"w":-0.5152353048324585},"size":514.4190673828125,"orthographic":false}