{"cameraMode":{"drawMode":0,"name":"Shaded","section":"Shading Mode"},"sceneLighting":true,"audioPlay":false,"sceneViewState":{"showFog":true,"showMaterialUpdate":true,"showSkybox":false,"showFlares":true,"showImageEffects":true,"showParticleSystems":true},"in2DMode":false,"pivot":{"x":-139.4886016845703,"y":23.18000030517578,"z":-64.64064025878906},"rotation":{"x":0.005318224895745516,"y":-0.9919817447662354,"z":0.11810401827096939,"w":0.044669944792985919},"size":514.4190673828125,"orthographic":false}