{"cameraMode":{"drawMode":0,"name":"Shaded","section":"Shading Mode"},"sceneLighting":true,"audioPlay":false,"sceneViewState":{"showFog":true,"showMaterialUpdate":false,"showSkybox":true,"showFlares":true,"showImageEffects":true,"showParticleSystems":true},"in2DMode":false,"pivot":{"x":67.73297119140625,"y":14.388687133789063,"z":-90.45921325683594},"rotation":{"x":0.01974634826183319,"y":0.9301194548606873,"z":-0.05056466534733772,"w":0.36322322487831118},"size":474.76812744140627,"orthographic":false}