{"cameraMode":{"drawMode":0,"name":"Shaded","section":"Shading Mode"},"sceneLighting":true,"audioPlay":false,"sceneViewState":{"showFog":true,"showMaterialUpdate":false,"showSkybox":true,"showFlares":true,"showImageEffects":true,"showParticleSystems":true},"in2DMode":false,"pivot":{"x":0.4316360652446747,"y":0.9532150626182556,"z":-1.115337610244751},"rotation":{"x":-0.00794888287782669,"y":-0.9830721616744995,"z":0.17768409848213197,"w":-0.04398141801357269},"size":697.3939819335938,"orthographic":false}