{"cameraMode":{"drawMode":0,"name":"Shaded","section":"Shading Mode"},"sceneLighting":false,"audioPlay":false,"sceneViewState":{"showFog":true,"showMaterialUpdate":false,"showSkybox":false,"showFlares":true,"showImageEffects":true,"showParticleSystems":true},"in2DMode":false,"pivot":{"x":32.33320617675781,"y":-33.199371337890628,"z":-5.476043224334717},"rotation":{"x":0.3603586256504059,"y":0.6206913590431213,"z":-0.3858826458454132,"w":0.5796365141868591},"size":178.4111328125,"orthographic":false}