{"cameraMode":{"drawMode":0,"name":"Shaded","section":"Shading Mode"},"sceneLighting":false,"audioPlay":false,"sceneViewState":{"showFog":true,"showMaterialUpdate":false,"showSkybox":false,"showFlares":true,"showImageEffects":true,"showParticleSystems":true},"in2DMode":false,"pivot":{"x":1.4625861644744874,"y":3.0961391925811769,"z":-1.597292423248291},"rotation":{"x":-0.008246456272900105,"y":-0.9915451407432556,"z":0.08080390095710755,"w":-0.10119815915822983},"size":9.00420093536377,"orthographic":false}